{
    "das_history": [
        {
            "month": "SEP/24",
            "value": "R$120.00",
            "issueDate": "2024-09-02T00:00:00",
            "dueDate": "2024-09-07T00:00:00",
            "status": "VENCIDO"
        },
        {
            "month": "AUG/24",
            "value": "R$124.50",
            "issueDate": "2024-08-03T00:00:00",
            "dueDate": "2024-08-07T00:00:00",
            "status": "PAGO"
        },
        {
            "month": "JUL/24",
            "value": "R$124.50",
            "issueDate": "2024-07-03T00:00:00",
            "dueDate": "2024-07-07T00:00:00",
            "status": "PAGO"
        },
        {
            "month": "JUN/24",
            "value": "R$124.50",
            "issueDate": "2024-06-03T00:00:00",
            "dueDate": "2024-06-07T00:00:00",
            "status": "PAGO"
        }
    ]
}